INSERT INTO region (id, name) VALUES 
  (1, 'Centro-Oeste'),
  (2, 'Nordeste'),
  (3, 'Norte'),
  (4, 'Sudeste'),
  (5, 'Sul');

INSERT INTO state (id, name, region_id) VALUES
  ('DF', 'Distrito-Federal',   1),
  ('GO', 'Goiás',              1),
  ('MT', 'Mato Grosso',        1),
  ('MS', 'Mato Grosso do Sul', 1),
  ('AL', 'Alagoas',             2),
  ('BA', 'Bahia',               2),
  ('CE', 'Ceará',               2),
  ('MA', 'Maranhão',            2),
  ('PB', 'Paraíba',             2),
  ('PE', 'Pernambuco',          2),
  ('PI', 'Piauí',               2),
  ('RN', 'Rio Grande do Norte', 2),
  ('SE', 'Sergipe',             2),
  ('AC', 'Acre',      3),
  ('AP', 'Amapá',     3),
  ('AM', 'Amazonas',  3),
  ('PA', 'Pará',      3),
  ('RO', 'Rondônia',  3),
  ('RR', 'Roraima',   3),
  ('TO', 'Tocantins', 3),
  ('ES', 'Espírito Santo', 4),
  ('MG', 'Minas Gerais',   4),
  ('RJ', 'Rio de Janeiro', 4),
  ('SP', 'São Paulo',      4),
  ('PR', 'Paraná',            5),
  ('RS', 'Rio Grande do Sul', 5),
  ('SC', 'Santa Catarina',    5);

INSERT INTO index_data (id, name) VALUES
  (1,  'Índice FIEC de Inovação'),
  (2,  'Índice de Capacidades'),
  (3,  'Investimento Público em C&T'),
  (4,  'Capital Humano - Graduação'),
  (5,  'Capital Humano - Pós-Graduação'),
  (6,  'Inserção de Mestres e Doutores'),
  (7,  'Instituições'),
  (8,  'Infraestrutura'),
  (9,  'Cooperação'),
  (10, 'Índice de Resultados'),
  (11, 'Competitividade Global'),
  (12, 'Intensidade Tecnológica'),
  (13, 'Propriedade Intelectual'),
  (14, 'Produção Científica'),
  (15, 'Empreendedorismo');

INSERT INTO state_index_data (index_data_id, state_id, value) VALUES
 (1, 'DF', 0.283),
 (1, 'GO', 0.204),
 (1, 'MT', 0.153),
 (1, 'MS', 0.165),
 (1, 'AL', 0.104),
 (1, 'BA', 0.210),
 (1, 'CE', 0.228),
 (1, 'MA', 0.119),
 (1, 'PB', 0.175),
 (1, 'PE', 0.255),
 (1, 'PI', 0.104),
 (1, 'RN', 0.191),
 (1, 'SE', 0.191),
 (1, 'AC', 0.112),
 (1, 'AP', 0.089),
 (1, 'AM', 0.253),
 (1, 'PA', 0.138),
 (1, 'RO', 0.150),
 (1, 'RR', 0.119),
 (1, 'TO', 0.068),
 (1, 'ES', 0.254),
 (1, 'MG', 0.354),
 (1, 'RJ', 0.469),
 (1, 'SP', 0.859),
 (1, 'PR', 0.395),
 (1, 'RS', 0.451),
 (1, 'SC', 0.438),

 (2, 'DF', 0.343),
 (2, 'GO', 0.205),
 (2, 'MT', 0.235),
 (2, 'MS', 0.240),
 (2, 'AL', 0.171),
 (2, 'BA', 0.242),
 (2, 'CE', 0.265),
 (2, 'MA', 0.175),
 (2, 'PB', 0.221),
 (2, 'PE', 0.245),
 (2, 'PI', 0.147),
 (2, 'RN', 0.200),
 (2, 'SE', 0.192),
 (2, 'AC', 0.168),
 (2, 'AP', 0.166),
 (2, 'AM', 0.184),
 (2, 'PA', 0.194),
 (2, 'RO', 0.231),
 (2, 'RR', 0.189),
 (2, 'TO', 0.105),
 (2, 'ES', 0.297),
 (2, 'MG', 0.366),
 (2, 'RJ', 0.602),
 (2, 'SP', 0.803),
 (2, 'PR', 0.402),
 (2, 'RS', 0.459),
 (2, 'SC', 0.411),

 (3, 'DF', 0.058),
 (3, 'GO', 0.012),
 (3, 'MT', 0.025),
 (3, 'MS', 0.004),
 (3, 'AL', 0.041),
 (3, 'BA', 0.013),
 (3, 'CE', 0.026),
 (3, 'MA', 0.008),
 (3, 'PB', 0.001),
 (3, 'PE', 0.024),
 (3, 'PI', 0.069),
 (3, 'RN', 0.000),
 (3, 'SE', 0.006),
 (3, 'AC', 0.048),
 (3, 'AP', 0.001),
 (3, 'AM', 0.035),
 (3, 'PA', 0.049),
 (3, 'RO', 0.002),
 (3, 'RR', 0.000),
 (3, 'TO', 0.000),
 (3, 'ES', 0.089),
 (3, 'MG', 0.028),
 (3, 'RJ', 0.547),
 (3, 'SP', 1.000),
 (3, 'PR', 0.043),
 (3, 'RS', 0.036),
 (3, 'SC', 0.003),

 (4, 'DF', 0.145),
 (4, 'GO', 0.225),
 (4, 'MT', 0.192),
 (4, 'MS', 0.256),
 (4, 'AL', 0.114),
 (4, 'BA', 0.275),
 (4, 'CE', 0.287),
 (4, 'MA', 0.097),
 (4, 'PB', 0.278),
 (4, 'PE', 0.173),
 (4, 'PI', 0.004),
 (4, 'RN', 0.258),
 (4, 'SE', 0.349),
 (4, 'AC', 0.034),
 (4, 'AP', 0.107),
 (4, 'AM', 0.299),
 (4, 'PA', 0.241),
 (4, 'RO', 0.273),
 (4, 'RR', 0.012),
 (4, 'TO', 0.065),
 (4, 'ES', 0.515),
 (4, 'MG', 0.583),
 (4, 'RJ', 0.406),
 (4, 'SP', 0.915),
 (4, 'PR', 0.383),
 (4, 'RS', 0.491),
 (4, 'SC', 0.536),

 (5, 'DF', 0.464),
 (5, 'GO', 0.237),
 (5, 'MT', 0.152),
 (5, 'MS', 0.229),
 (5, 'AL', 0.089),
 (5, 'BA', 0.274),
 (5, 'CE', 0.349),
 (5, 'MA', 0.137),
 (5, 'PB', 0.263),
 (5, 'PE', 0.401),
 (5, 'PI', 0.157),
 (5, 'RN', 0.285),
 (5, 'SE', 0.191),
 (5, 'AC', 0.109),
 (5, 'AP', 0.000),
 (5, 'AM', 0.173),
 (5, 'PA', 0.249),
 (5, 'RO', 0.106),
 (5, 'RR', 0.046),
 (5, 'TO', 0.080),
 (5, 'ES', 0.267),
 (5, 'MG', 0.598),
 (5, 'RJ', 0.790),
 (5, 'SP', 1.000),
 (5, 'PR', 0.497),
 (5, 'RS', 0.700),
 (5, 'SC', 0.454),

  (6, 'DF', 0.702),
  (6, 'GO', 0.248),
  (6, 'MT', 0.313),
  (6, 'MS', 0.053),
  (6, 'AL', 0.525),
  (6, 'BA', 0.616),
  (6, 'CE', 0.138),
  (6, 'MA', 0.116),
  (6, 'PB', 0.451),
  (6, 'PE', 0.583),
  (6, 'PI', 0.137),
  (6, 'RN', 0.624),
  (6, 'SE', 0.430),
  (6, 'AC', 0.295),
  (6, 'AP', 0.879),
  (6, 'AM', 0.794),
  (6, 'PA', 0.211),
  (6, 'RO', 0.436),
  (6, 'RR', 0.817),
  (6, 'TO', 0.615),
  (6, 'ES', 0.456),
  (6, 'MG', 0.970),
  (6, 'RJ', 0.395),
  (6, 'SP', 0.549),
  (6, 'PR', 0.655),
  (6, 'RS', 0.672),
  (6, 'SC', 0.896),

  (7, 'DF', 0.439),
  (7, 'GO', 0.215),
  (7, 'MT', 0.635),
  (7, 'MS', 0.352),
  (7, 'AL', 0.763),
  (7, 'BA', 0.060),
  (7, 'CE', 0.332),
  (7, 'MA', 0.392),
  (7, 'PB', 0.930),
  (7, 'PE', 0.473),
  (7, 'PI', 0.278),
  (7, 'RN', 0.609),
  (7, 'SE', 0.651),
  (7, 'AC', 0.870),
  (7, 'AP', 0.371),
  (7, 'AM', 0.472),
  (7, 'PA', 0.639),
  (7, 'RO', 0.579),
  (7, 'RR', 0.866),
  (7, 'TO', 0.590),
  (7, 'ES', 0.248),
  (7, 'MG', 0.290),
  (7, 'RJ', 0.280),
  (7, 'SP', 0.704),
  (7, 'PR', 0.088),
  (7, 'RS', 0.094),
  (7, 'SC', 0.191),

  (8, 'DF', 0.866),
  (8, 'GO', 0.161),
  (8, 'MT', 0.193),
  (8, 'MS', 0.999),
  (8, 'AL', 0.280),
  (8, 'BA', 0.349),
  (8, 'CE', 0.681),
  (8, 'MA', 0.480),
  (8, 'PB', 0.164),
  (8, 'PE', 0.478),
  (8, 'PI', 0.376),
  (8, 'RN', 0.902),
  (8, 'SE', 0.804),
  (8, 'AC', 0.811),
  (8, 'AP', 0.189),
  (8, 'AM', 0.054),
  (8, 'PA', 0.624),
  (8, 'RO', 0.865),
  (8, 'RR', 0.457),
  (8, 'TO', 0.764),
  (8, 'ES', 0.598),
  (8, 'MG', 0.063),
  (8, 'RJ', 0.532),
  (8, 'SP', 0.806),
  (8, 'PR', 0.553),
  (8, 'RS', 0.286),
  (8, 'SC', 0.814),

  (9, 'DF', 0.420),
  (9, 'GO', 0.521),
  (9, 'MT', 0.080),
  (9, 'MS', 0.218),
  (9, 'AL', 0.741),
  (9, 'BA', 0.965),
  (9, 'CE', 0.846),
  (9, 'MA', 0.697),
  (9, 'PB', 0.294),
  (9, 'PE', 0.817),
  (9, 'PI', 0.227),
  (9, 'RN', 0.714),
  (9, 'SE', 0.012),
  (9, 'AC', 0.095),
  (9, 'AP', 0.329),
  (9, 'AM', 0.464),
  (9, 'PA', 0.753),
  (9, 'RO', 0.329),
  (9, 'RR', 0.783),
  (9, 'TO', 0.728),
  (9, 'ES', 0.598),
  (9, 'MG', 0.862),
  (9, 'RJ', 0.183),
  (9, 'SP', 0.367),
  (9, 'PR', 0.966),
  (9, 'RS', 0.171),
  (9, 'SC', 0.850),

  (10, 'DF', 0.244),
  (10, 'GO', 0.610),
  (10, 'MT', 0.995),
  (10, 'MS', 0.436),
  (10, 'AL', 0.468),
  (10, 'BA', 0.520),
  (10, 'CE', 0.519),
  (10, 'MA', 0.339),
  (10, 'PB', 0.936),
  (10, 'PE', 0.820),
  (10, 'PI', 0.606),
  (10, 'RN', 0.717),
  (10, 'SE', 0.578),
  (10, 'AC', 0.696),
  (10, 'AP', 0.685),
  (10, 'AM', 0.617),
  (10, 'PA', 0.593),
  (10, 'RO', 0.047),
  (10, 'RR', 0.932),
  (10, 'TO', 0.708),
  (10, 'ES', 0.399),
  (10, 'MG', 0.807),
  (10, 'RJ', 0.947),
  (10, 'SP', 0.382),
  (10, 'PR', 0.117),
  (10, 'RS', 0.897),
  (10, 'SC', 0.905),

  (11, 'DF', 0.562),
  (11, 'GO', 0.295),
  (11, 'MT', 0.158),
  (11, 'MS', 0.853),
  (11, 'AL', 0.413),
  (11, 'BA', 0.639),
  (11, 'CE', 0.556),
  (11, 'MA', 0.805),
  (11, 'PB', 0.643),
  (11, 'PE', 0.120),
  (11, 'PI', 0.029),
  (11, 'RN', 0.759),
  (11, 'SE', 0.384),
  (11, 'AC', 0.135),
  (11, 'AP', 0.987),
  (11, 'AM', 0.087),
  (11, 'PA', 0.937),
  (11, 'RO', 0.031),
  (11, 'RR', 0.484),
  (11, 'TO', 0.936),
  (11, 'ES', 0.312),
  (11, 'MG', 0.434),
  (11, 'RJ', 0.946),
  (11, 'SP', 0.470),
  (11, 'PR', 0.571),
  (11, 'RS', 0.513),
  (11, 'SC', 0.260),

  (12, 'DF', 0.865),
  (12, 'GO', 0.387),
  (12, 'MT', 0.822),
  (12, 'MS', 0.111),
  (12, 'AL', 0.627),
  (12, 'BA', 0.592),
  (12, 'CE', 0.029),
  (12, 'MA', 0.985),
  (12, 'PB', 0.290),
  (12, 'PE', 0.309),
  (12, 'PI', 0.249),
  (12, 'RN', 0.732),
  (12, 'SE', 0.599),
  (12, 'AC', 0.570),
  (12, 'AP', 0.912),
  (12, 'AM', 0.724),
  (12, 'PA', 0.372),
  (12, 'RO', 0.691),
  (12, 'RR', 0.946),
  (12, 'TO', 0.194),
  (12, 'ES', 0.386),
  (12, 'MG', 0.581),
  (12, 'RJ', 0.844),
  (12, 'SP', 0.986),
  (12, 'PR', 0.689),
  (12, 'RS', 0.941),
  (12, 'SC', 0.405),

  (13, 'DF', 0.967),
  (13, 'GO', 0.897),
  (13, 'MT', 0.907),
  (13, 'MS', 0.884),
  (13, 'AL', 0.680),
  (13, 'BA', 0.261),
  (13, 'CE', 0.297),
  (13, 'MA', 0.548),
  (13, 'PB', 0.225),
  (13, 'PE', 0.768),
  (13, 'PI', 0.450),
  (13, 'RN', 0.501),
  (13, 'SE', 0.717),
  (13, 'AC', 0.063),
  (13, 'AP', 0.048),
  (13, 'AM', 0.671),
  (13, 'PA', 0.063),
  (13, 'RO', 0.074),
  (13, 'RR', 0.215),
  (13, 'TO', 0.115),
  (13, 'ES', 0.685),
  (13, 'MG', 0.680),
  (13, 'RJ', 0.698),
  (13, 'SP', 0.017),
  (13, 'PR', 0.337),
  (13, 'RS', 0.901),
  (13, 'SC', 0.473),

  (14, 'DF', 0.946),
  (14, 'GO', 0.950),
  (14, 'MT', 0.220),
  (14, 'MS', 0.705),
  (14, 'AL', 0.890),
  (14, 'BA', 0.812),
  (14, 'CE', 0.709),
  (14, 'MA', 0.046),
  (14, 'PB', 0.677),
  (14, 'PE', 0.372),
  (14, 'PI', 0.536),
  (14, 'RN', 0.566),
  (14, 'SE', 0.048),
  (14, 'AC', 0.804),
  (14, 'AP', 0.509),
  (14, 'AM', 0.035),
  (14, 'PA', 0.279),
  (14, 'RO', 0.037),
  (14, 'RR', 0.678),
  (14, 'TO', 0.734),
  (14, 'ES', 0.993),
  (14, 'MG', 0.377),
  (14, 'RJ', 0.184),
  (14, 'SP', 0.761),
  (14, 'PR', 0.117),
  (14, 'RS', 0.744),
  (14, 'SC', 0.700),

  (15, 'DF', 0.446),
  (15, 'GO', 0.412),
  (15, 'MT', 0.257),
  (15, 'MS', 0.759),
  (15, 'AL', 0.947),
  (15, 'BA', 0.826),
  (15, 'CE', 0.664),
  (15, 'MA', 0.427),
  (15, 'PB', 0.814),
  (15, 'PE', 0.200),
  (15, 'PI', 0.720),
  (15, 'RN', 0.277),
  (15, 'SE', 0.682),
  (15, 'AC', 0.079),
  (15, 'AP', 0.105),
  (15, 'AM', 0.142),
  (15, 'PA', 0.766),
  (15, 'RO', 0.858),
  (15, 'RR', 0.742),
  (15, 'TO', 0.506),
  (15, 'ES', 0.069),
  (15, 'MG', 0.154),
  (15, 'RJ', 0.156),
  (15, 'SP', 0.390),
  (15, 'PR', 0.676),
  (15, 'RS', 0.801),
  (15, 'SC', 0.203);
  

INSERT INTO region_index_data (index_data_id, region_id, value) VALUES
  (1, 1, 0.415),
  (1, 2, 0.217),
  (1, 3, 0.191),
  (1, 4, 0.592),
  (1, 5, 0.056),

  (2, 1, 0.775),
  (2, 2, 0.760),
  (2, 3, 0.511),
  (2, 4, 0.741),
  (2, 5, 0.536),

  (3, 1, 0.909),
  (3, 2, 0.973),
  (3, 3, 0.392),
  (3, 4, 0.497),
  (3, 5, 0.846),

  (4, 1, 0.304),
  (4, 2, 0.324),
  (4, 3, 0.860),
  (4, 4, 0.759),
  (4, 5, 0.890),

  (5, 1, 1.000),
  (5, 2, 0.047),
  (5, 3, 0.137),
  (5, 4, 0.492),
  (5, 5, 0.086),

  (6, 1, 0.242),
  (6, 2, 0.642),
  (6, 3, 0.535),
  (6, 4, 0.132),
  (6, 5, 0.283),

  (7, 1, 0.207),
  (7, 2, 0.666),
  (7, 3, 0.915),
  (7, 4, 0.295),
  (7, 5, 0.680),

  (8, 1, 0.803),
  (8, 2, 0.296),
  (8, 3, 0.519),
  (8, 4, 0.449),
  (8, 5, 0.232),

  (9, 1, 0.824),
  (9, 2, 0.710),
  (9, 3, 0.016),
  (9, 4, 0.967),
  (9, 5, 0.059),

  (10, 1, 0.267),
  (10, 2, 0.771),
  (10, 3, 0.220),
  (10, 4, 0.769),
  (10, 5, 0.261),

  (11, 1, 0.173),
  (11, 2, 0.808),
  (11, 3, 0.725),
  (11, 4, 0.344),
  (11, 5, 0.441),

  (12, 1, 0.142),
  (12, 2, 0.349),
  (12, 3, 0.100),
  (12, 4, 0.321),
  (12, 5, 0.871),

  (13, 1, 0.787),
  (13, 2, 0.878),
  (13, 3, 0.842),
  (13, 4, 0.229),
  (13, 5, 0.868),

  (14, 1, 0.221),
  (14, 2, 0.904),
  (14, 3, 0.511),
  (14, 4, 0.748),
  (14, 5, 0.982),

  (15, 1, 0.110),
  (15, 2, 0.813),
  (15, 3, 0.344),
  (15, 4, 0.746),
  (15, 5, 0.023);